{"sections":{"announcement_bar_special":{"type":"announcement-bar","blocks":{"announcement_urgent":{"type":"announcement","settings":{"text":"🔥 OSOBNI TRENING + DIGITALNI PROGRAM - 50% POPUST + GRATIS eBook 'Energija nakon 40' - Samo danas!","link":"shopify:\/\/collections\/all","color_scheme":"accent-1"}}},"block_order":["announcement_urgent"],"settings":{"color_scheme":"accent-1","show_line_separator":true,"show_social":false}},"slideshow_qUEpwd":{"type":"slideshow","blocks":{"slide_99nVYL":{"type":"slide","settings":{"image":"shopify:\/\/shop_images\/assets_task_01k3zwwpb0e7692xxmfm7w6z4t_1756638421_img_0.webp","image_overlay_opacity":30,"heading":"TRANSFORMIRAJTE SVOJE ZDRAVLJE S PERSONAL TRENEROM","heading_size":"h1","subheading":"Osobni online treninzi + digitalni wellness programi koji će vam vratiti energiju, snagu i vitalnost. Preko 5,000 zadovoljnih klijenata!","button_label":"REZERVIRAJ BESPLATNU KONSULTACIJU ➤","link":"shopify:\/\/collections\/all","button_style_secondary":false,"show_text_box":true,"box_align":"center-center","text_alignment":"center","text_alignment_mobile":"center","color_scheme":"accent-2"}}},"block_order":["slide_99nVYL"],"settings":{"layout":"full_bleed","slide_height":"large","slider_visual":"counter","auto_rotate":false,"change_slides_speed":5,"image_behavior":"none","show_text_below":false,"accessibility_info":"Hero banner o personal trainingu i wellness programima"}},"slideshow_GrRAQP":{"type":"slideshow","disabled":true,"blocks":{"slide_46im4i":{"type":"slide","disabled":true,"settings":{"image":"shopify:\/\/shop_images\/healthcare-bold-2-middle.jpg","image_overlay_opacity":30,"heading":"ELEVATE YOUR WELLBEING","heading_size":"h0","subheading":"","button_label":"SHOP NOW","link":"","button_style_secondary":true,"show_text_box":false,"box_align":"bottom-left","text_alignment":"left","text_alignment_mobile":"center","color_scheme":"accent-2"}}},"block_order":["slide_46im4i"],"settings":{"layout":"full_bleed","slide_height":"large","slider_visual":"counter","auto_rotate":false,"change_slides_speed":5,"image_behavior":"none","show_text_below":true,"accessibility_info":"Slideshow about our brand"}},"trust_badges":{"type":"multicolumn","blocks":{"trust_1":{"type":"column","settings":{"title":"✅ 30 DANA GARANCIJE","text":"<p>Ako niste zadovoljni rezultatima, vratit ćemo vam novac - bez pitanja!<\/p>","link_label":"","link":""}},"trust_2":{"type":"column","settings":{"title":"🏆 5000+ ZADOVOLJNIH KLIJENATA","text":"<p>Pridružite se tisućama ljudi koji su već transformirali svoje zdravlje<\/p>","link_label":"","link":""}},"trust_3":{"type":"column","settings":{"title":"⚡ INSTANT PRISTUP","text":"<p>Odmah nakon plaćanja dobijate pristup svim programima i materijalima<\/p>","link_label":"","link":""}}},"block_order":["trust_1","trust_2","trust_3"],"settings":{"title":"ZAŠTO NAS BIRAJU","heading_size":"h2","image_width":"full","image_ratio":"adapt","columns_desktop":3,"column_alignment":"center","background_style":"none","color_scheme":"background-2","columns_mobile":"1","swipe_on_mobile":false,"padding_top":20,"padding_bottom":20}},"featured_collection_tgCLgk":{"type":"featured-collection","settings":{"collection":"all","products_to_show":6,"title":"🔥 NAJPOPULARNIJI PROGRAMI - OGRANIČENO MJESTA","heading_size":"h2","description":"<p><strong>Samo ovaj tjedan:</strong> 50% popust na sve digitalne programe + personal training sesije!<\/p>","show_description":true,"description_style":"subtitle","columns_desktop":3,"enable_desktop_slider":false,"full_width":false,"show_view_all":true,"view_all_style":"solid","color_scheme":"background-1","image_ratio":"portrait","image_shape":"default","show_secondary_image":true,"show_vendor":false,"show_rating":true,"quick_add":"standard","columns_mobile":"2","swipe_on_mobile":true,"padding_top":40,"padding_bottom":20}},"multicolumn_FT7Xxg":{"type":"multicolumn","blocks":{"column_b3AzLM":{"type":"column","settings":{"image":"shopify:\/\/shop_images\/assets_task_01k3zxqwnbek1sex2rf1j8qdnz_1756639291_img_1.webp","title":"💪 PERSONAL TRAINING + PROGRAMI","text":"<p><strong>Osjećate umor i manjak energije?<\/strong><br\/>Naši certificirani treneri i personalizirani digitalni programi vraćaju vam energiju koju ste imali s 30 godina.<\/p><p>✅ 1-na-1 online personal training<br\/>✅ Personalizirani plan treninga<br\/>✅ 24\/7 podrška i praćenje<br\/>✅ Digitalni wellness programi<\/p>","link_label":"ZAPOČNI TRANSFORMACIJU ➤","link":"shopify:\/\/collections\/all"}},"column_DyFaJq":{"type":"column","settings":{"image":"shopify:\/\/shop_images\/assets_task_01k3zxwnc9eqjbtr4gqdctcr1n_1756639485_img_1.webp","title":"📚 KOMPLETNI DIGITALNI PAKET","text":"<p><strong>Uz svaki program GRATIS dobivate:<\/strong><\/p><p>🎁 Personal training sesije (vrijedi 50€)<br\/>🎁 eBook 'Energija nakon 40' (vrijedi 10€)<br\/>🎁 Plan prehrane za 30 dana<br\/>🎁 Video vježbe za pokretljivost<br\/>🎁 Mobilna aplikacija za praćenje<\/p>","link_label":"PREUZMI PROGRAM ODMAH ➤","link":"shopify:\/\/collections\/all"}}},"block_order":["column_b3AzLM","column_DyFaJq"],"settings":{"title":"KAKO FUNKCIONIRA NAŠA METODA","heading_size":"h2","image_width":"full","image_ratio":"adapt","button_label":"","button_link":"","columns_desktop":2,"column_alignment":"left","background_style":"primary","color_scheme":"accent-2","columns_mobile":"1","swipe_on_mobile":false,"padding_top":40,"padding_bottom":40}},"testimonials_section":{"type":"multicolumn","blocks":{"review_1":{"type":"column","settings":{"title":"⭐⭐⭐⭐⭐ Marija, 45 godina","text":"<p>\"Nakon samo 2 tjedna korištenja proizvoda, osjećam se kao nova osoba! Energija mi se vratila, bolje spavam i konačno imam motivaciju za vježbanje. Hvala vam!\"<\/p>","link_label":"","link":""}},"review_2":{"type":"column","settings":{"title":"⭐⭐⭐⭐⭐ Petar, 52 godine","text":"<p>\"Skeptičan sam bio na početku, ali rezultati govore sve. Izgubio sam 8kg, energija mi je porasla za 200% i žena kaže da izgledам 10 godina mlađe!\"<\/p>","link_label":"","link":""}},"review_3":{"type":"column","settings":{"title":"⭐⭐⭐⭐⭐ Ana, 48 godina","text":"<p>\"Najbolja investicija u svoje zdravlje! Konačno mogu ići u korak s djecom, spavam kao beba i imam energiju za sve što volim raditi.\"<\/p>","link_label":"","link":""}}},"block_order":["review_1","review_2","review_3"],"settings":{"title":"WHAT OUR CUSTOMERS SAY","heading_size":"h2","image_width":"full","image_ratio":"adapt","columns_desktop":3,"column_alignment":"left","background_style":"none","color_scheme":"background-1","columns_mobile":"1","swipe_on_mobile":true,"padding_top":40,"padding_bottom":40}},"urgency_banner":{"type":"image-banner","settings":{"image":"shopify:\/\/shop_images\/healthcare-bold-1-middle.jpg","image_overlay_opacity":60,"image_height":"medium","image_behavior":"none","desktop_content_position":"middle-center","desktop_content_alignment":"center","show_text_box":true,"color_scheme":"accent-1","stack_images_on_mobile":true,"mobile_content_alignment":"center","show_text_below":false,"heading":"⚡ OGRANIČENO MJESTA - SAMO 48 SATI!","subheading":"50% POPUST na sve programe + PERSONAL TRAINING SESIJE + GRATIS digitalni sadržaji","button_label":"REZERVIRAJ SVOJE MJESTO ➤","button_link":"shopify:\/\/collections\/all","button_style_secondary":false}}},"order":["announcement_bar_special","slideshow_qUEpwd","trust_badges","featured_collection_tgCLgk","multicolumn_FT7Xxg","testimonials_section","urgency_banner"]}